company,quarter,deliveries,source_url,note
Tesla,2025Q3,497099,https://teslanorth.com/2025/10/02/tesla-delivers-record-497099-vehicles-in-q3-2025/,
Tesla,2025Q4,418227,https://ir.tesla.com/press-release/tesla-fourth-quarter-2025-production-deliveries-deployments,
Tesla,2026Q1,358023,https://www.sec.gov/Archives/edgar/data/1318605/000162828026022956/exhibit9911111.htm,
Tesla,2026Q2,480126,https://electrek.co/2026/07/02/tesla-q2-2026-deliveries-480126/,
Tesla,2026Q3,486532,https://ir.tesla.com/press-release/tesla-third-quarter-2026-production-deliveries-and-deployments,
BYD,2025Q3,1114192,https://cnevpost.com/2025/10/01/byd-sept-2025-nev-sales/,乘用+商用
BYD,2025Q4,1342290,https://cnevpost.com/2026/01/01/byd-nev-sales-dec-2025/,乘用+商用
BYD,2026Q1,700463,https://cnevpost.com/2026/07/01/byd-jun-2026-sales/,乘用+商用
BYD,2026Q2,1108048,https://cnevpost.com/2026/07/01/byd-jun-2026-sales/,乘用+商用
BYD,2026Q3,1323065,https://cnevpost.com/2026/10/01/byd-sept-2026-sales/,乘用+商用
Toyota,2025Q3,2371000,https://global.toyota/pages/global_toyota/ir/financial-results/2026_2q_summary_en.pdf,TMC 合併銷售
Toyota,2025Q4,2519000,https://global.toyota/pages/global_toyota/ir/financial-results/2026_3q_summary_en.pdf,由累計數推算
Toyota,2026Q1,2293000,https://global.toyota/pages/global_toyota/ir/financial-results/2026_4q_summary_en.pdf,由累計數推算
Toyota,2026Q2,2395000,https://global.toyota/pages/global_toyota/ir/financial-results/2027_1q_summary_en.pdf,TMC 合併銷售
Stellantis,2025Q3,1300000,https://www.globenewswire.com/news-release/2025/10/10/3164701/0/en/Stellantis-Reports-Q3-2025-Estimated-Consolidated-Shipments-of-1-3-Million-Units-13-y-o-y.html,官方只給約數
Stellantis,2025Q4,1500000,https://www.stellantis.com/en/news/press-releases/2026/february/stellantis-reports-q4-2025-estimated-consolidated-shipments-of-1-5-million-units-9-percent-y-o-y,官方只給約數
Stellantis,2026Q1,1361000,https://www.globenewswire.com/news-release/2026/07/30/3335789/0/en/stellantis-reports-q2-2026-financial-results.html,合併出貨量
Stellantis,2026Q2,1597000,https://www.globenewswire.com/news-release/2026/07/30/3335789/0/en/stellantis-reports-q2-2026-financial-results.html,合併出貨量
小米,2025Q3,108796,https://ir.mi.com/static-files/e4830480-8ce9-45f8-a09d-64e40b2bdfac,
小米,2025Q4,145115,https://ir.mi.com/system/files-encrypted/nasdaq_kms/assets/2026/03/24/5-35-03/25Q4%20EN%20AC%20Xiaomi.pdf,
小米,2026Q1,80856,https://ir.mi.com/static-files/098acc43-1b58-4d1b-b375-9ea25f35477b,
小米,2026Q2,104199,https://ir.mi.com/static-files/bdeea0b9-246c-45be-8cb4-ab4faaddf80a,
理想,2025Q3,93211,https://ir.lixiang.com/news-releases/news-release-details/li-auto-inc-announces-unaudited-third-quarter-2025-financial,
理想,2025Q4,109194,https://www.sec.gov/Archives/edgar/data/1791706/000110465926026803/tm268559d1_ex99-1.htm,
理想,2026Q1,95142,https://www.sec.gov/Archives/edgar/data/1791706/000110465926101065/tm2624080d1_ex99-1.htm,
理想,2026Q2,98330,https://www.sec.gov/Archives/edgar/data/1791706/000110465926101065/tm2624080d1_ex99-1.htm,
理想,2026Q3,99964,https://cnevpost.com/2026/10/01/li-auto-sept-2026-deliveries/,
蔚來,2025Q3,87071,https://www.globenewswire.com/news-release/2025/11/25/3194110/0/en/NIO-Inc-Reports-Unaudited-Third-Quarter-2025-Financial-Results.html,含樂道、螢火蟲
蔚來,2025Q4,124807,https://ir.nio.com/news-releases/news-release-details/nio-inc-provides-december-fourth-quarter-and-full-year-2025/,含樂道、螢火蟲
蔚來,2026Q1,83465,https://ir.nio.com/news-releases/news-release-details/nio-inc-reports-unaudited-second-quarter-2026-financial-results/,含樂道、螢火蟲
蔚來,2026Q2,107658,https://ir.nio.com/news-releases/news-release-details/nio-inc-reports-unaudited-second-quarter-2026-financial-results/,含樂道、螢火蟲
蔚來,2026Q3,109178,https://cnevpost.com/2026/10/01/nio-sept-2026-deliveries/,含樂道、螢火蟲
上汽集團,2025Q3,744793,https://vip.stock.finance.sina.com.cn/corp/view/vCB_AllBulletinDetail.php?stockid=600104&id=11497250,批發扣除上汽大眾、上汽通用（權益法合資）
上汽集團,2025Q4,888354,https://www.saicmotor.com/m/tzzgx/jbqk/xssj/63726.shtml,批發扣除上汽大眾、上汽通用
上汽集團,2026Q1,661502,https://www.saicmotor.com/chinese/images/tzzgx/ggb/lsgg/2026nlsgg/2026/4/2/5F4D98B8E6F34E8DB8FE356923868D65.pdf,批發扣除上汽大眾、上汽通用
上汽集團,2026Q2,814128,https://vip.stock.finance.sina.com.cn/corp/view/vCB_AllBulletinDetail.php?stockid=600104&id=12425400,批發扣除上汽大眾、上汽通用
長安汽車,2025Q3,599772,https://stock.stockstar.com/AN2025100800005999.shtml,自主品牌（不含長安福特／馬自達）
長安汽車,2025Q4,717783,https://vip.stock.finance.sina.com.cn/corp/view/vCB_AllBulletinDetail.php?stockid=000625&id=11897407,自主品牌
長安汽車,2026Q1,458267,https://finance.sina.com.cn/roll/2026-04-02/doc-inhtcnfx9394637.shtml,自主品牌
長安汽車,2026Q2,463319,https://www.sohu.com/a/1046291220_121444,自主品牌（H1 由新聞數字推算）
長城汽車,2025Q3,353569,https://www.ithome.com/1/009/144.htm,
長城汽車,2025Q4,400314,https://www.ithome.com/0/909/833.htm,
長城汽車,2026Q1,269104,https://www.seccw.com/Document/detail/id/43042.html,
長城汽車,2026Q2,314791,https://www.hkexnews.hk/listedco/listconews/sehk/2026/0701/2026070100127.pdf,
長城汽車,2026Q3,336407,https://www.ithome.com/1/009/144.htm,
廣汽集團,2025Q3,159544,https://stockmc.xueqiu.com/202510/601238_20251011_N2EA.pdf,自主品牌（傳祺＋埃安＋昊鉑），不含廣汽豐田／本田
廣汽集團,2025Q4,194734,https://vip.stock.finance.sina.com.cn/corp/view/vCB_AllBulletinDetail.php?stockid=601238&id=11904586,自主品牌
廣汽集團,2026Q1,166239,https://money.finance.sina.com.cn/corp/view/vCB_AllBulletinDetail.php?stockid=601238&id=12057739,自主品牌
廣汽集團,2026Q2,179713,https://www1.hkexnews.hk/listedco/listconews/sehk/2026/0702/2026070203447.pdf,自主品牌
小鵬,2025Q3,116007,https://ir.xiaopeng.com/news-releases/news-release-details/xpeng-announces-vehicle-delivery-results-september-and-third-4,
小鵬,2025Q4,116249,https://cnevpost.com/2026/01/01/xpeng-deliveries-dec-2025/,
小鵬,2026Q1,62682,https://ir.xiaopeng.com/news-releases/news-release-details/xpeng-announces-vehicle-delivery-results-march-and-first-4,
小鵬,2026Q2,103295,https://www.stocktitan.net/news/XPEV/xpeng-announces-vehicle-delivery-results-for-june-and-second-quarter-4ue5kb0he462.html,
小鵬,2026Q3,118390,https://www.stocktitan.net/news/XPEV/xpeng-announces-vehicle-delivery-results-for-september-and-third-ojvkpoueac0p.html,
吉利汽車,2025H2,1615387,https://www.geelyauto.com.hk/wp-content/uploads/2026/03/2026031800309.pdf,半年（全年減上半年）
吉利汽車,2026H1,1422958,https://www.geelyauto.com.hk/wp-content/uploads/2026/08/2026081700257.pdf,半年
奇瑞汽車,2026H1,1275076,https://auto.ifeng.com/c/8uQWy2TPWnh,上市公司 5 品牌，半年
零跑,2025H2,374891,https://www1.hkexnews.hk/listedco/listconews/sehk/2026/0316/2026031601214.pdf,半年
零跑,2026H1,356487,https://www1.hkexnews.hk/listedco/listconews/sehk/2026/0824/2026082400886.pdf,半年
Volkswagen Group,2025Q3,1577066,https://uploads.vw-mms.de/system/production/documents/cws/003/129/file_en/e573f2d2a4c01d95183311ebeba8ca31c9845010/2025-10-30-volkswagen-group-q3-2025-interim-report-en.pdf,銷量不含中國合資；含卡車巴士
Volkswagen Group,2025Q4,1735184,https://annualreport2025.volkswagen-group.com/group-management-report/business-development/vehicles-sales.html,不含中國合資
Volkswagen Group,2026Q1,1459439,https://uploads.vw-mms.de/system/production/documents/cws/003/275/file_en/311373f846ce8778851851fa2f69767ecc18e202/2026-04-30-volkswagen-group-q1-2026-interim-report-en.pdf,不含中國合資
Volkswagen Group,2026Q2,1681854,https://uploads.vw-mms.de/system/production/documents/cws/003/289/file_en/e916f0f9afd06d9586560cfdef53baa14b6aea78/2026-07-24-volkswagen-group-h1-2026-intrim-report-en.pdf,不含中國合資
BMW Group,2025Q3,588300,https://www.press.bmwgroup.com/global/article/detail/T0453185EN/bmw-group-posts-third-quarter-sales-growth?language=en,
BMW Group,2025Q4,667981,https://www.press.bmwgroup.com/global/article/detail/T0454859EN/bmw-group-vehicle-sales-grew-in-2025-%E2%80%93-strong-performance-particularly-in-europe-and-the-us-and-with-electrified-models?language=en,
BMW Group,2026Q1,565748,https://www.press.bmwgroup.com/canada/article/detail/T0457122EN/successful-market-launch-for-neue-klasse:-bmw-group-posts-significant-first-quarter-growth-in-european-new-orders?language=en,
BMW Group,2026Q2,590962,https://www.press.bmwgroup.com/global/article/detail/T0459223EN/growth-in-the-us-and-europe-positive-sales-momen-tum-driven-by-neue-klasse-models?language=en,
Mercedes-Benz Group,2025Q3,525296,https://group.mercedes-benz.com/documents/investors/reports/interim-reports/q3/mercedes-benz-interim-report-q3-2025.pdf,含北京奔馳（營收不含），每車數字偏低
Mercedes-Benz Group,2025Q4,558821,https://group.mercedes-benz.com/dokumente/investoren/berichte/geschaeftsberichte/mercedes-benz/mercedes-benz-factsheet-q4-2025.pdf,含北京奔馳
Mercedes-Benz Group,2026Q1,499686,https://group.mercedes-benz.com/dokumente/investoren/berichte/zwischenberichte/q1/mercedes-benz-fact-sheet-q1-2026.pdf,含北京奔馳
Mercedes-Benz Group,2026Q2,511840,https://group.mercedes-benz.com/documents/investors/reports/interim-reports/q2/mercedes-benz-interim-report-q2-2026.pdf,含北京奔馳
Volvo Cars,2025Q3,161000,https://attachment.news.eu.nasdaq.com/aa88e631132fe0bbc4f919276b62d7e36,批發
Volvo Cars,2025Q4,191200,https://mb.cision.com/Main/20685/4302907/3918401.pdf,批發
Volvo Cars,2026Q1,156300,https://mb.cision.com/Main/20685/4341827/4065356.pdf,批發
Volvo Cars,2026Q2,169500,https://mb.cision.com/Main/20685/4375596/4197338.pdf,批發
Renault Group,2025H2,1167034,https://media.renaultgroup.com/renault-group-demonstrates-its-resilience-the-robustness-of-its-strategy-and-moves-forward-with-confidence/?lang=eng,半年（全年減上半年）
Renault Group,2026H1,1165133,https://media.renaultgroup.com/renault-group-prioritizes-electrification-of-its-vehicle-lineup-and-sales-quality/?lang=eng,半年
GM,2025Q3,977000,https://investor.gm.com/static-files/f3c86336-c7f8-46d3-a390-5e09198a9ccd,批發不含中國合資
GM,2025Q4,937000,https://investor.gm.com/static-files/36170429-ef23-4ad5-97dd-6a523c3f8deb,批發不含中國合資
GM,2026Q1,899000,https://investor.gm.com/static-files/ad646529-cae6-43b3-9502-848ba44f8ea9,批發不含中國合資
GM,2026Q2,990000,https://investor.gm.com/static-files/4ee9aed7-9a23-46d5-aa6c-093668907497,批發不含中國合資
Ford,2025Q3,1156000,https://s205.q4cdn.com/882619693/files/doc_financials/2025/q3/Ford-Q3-2025-Earnings-Press-Release.pdf,批發含未合併合資（中國），每車數字偏低
Ford,2025Q4,1083000,https://s205.q4cdn.com/882619693/files/doc_financials/2025/q4/Ford-Q4-2025-Earnings-Press-Release.pdf,含未合併合資
Ford,2026Q1,934000,https://www.sec.gov/Archives/edgar/data/37996/000003799626000084/exhibit99toapril292026fo.htm,含未合併合資
Ford,2026Q2,1039000,https://s205.q4cdn.com/882619693/files/doc_financials/2026/q2/Ford-Motor-Company-Q2-2026-Press-Release.pdf,含未合併合資
Rivian,2025Q3,13201,https://riviantrackr.com/news/rivian-reports-10720-vehicles-built-13201-delivered-in-q3-2025/,
Rivian,2025Q4,9745,https://www.investing.com/news/company-news/rivian-reports-q4-production-of-10974-vehicles-9745-deliveries-93CH-4427737,
Rivian,2026Q1,10365,https://www.tradingview.com/news/tradingview:10b81fcce0218:0-rivian-reports-q1-production-10-236-and-deliveries-10-365-reaffirms-2026-delivery-guidance/,
Rivian,2026Q2,12194,https://www.businesswire.com/news/home/20260702205746/en/Rivian-Releases-Q2-2026-Production-and-Delivery-Figures-Raises-Full-Year-Delivery-Outlook-and-Sets-Date-for-Second-Quarter-2026-Financial-Results,
Rivian,2026Q3,19248,https://riviantrackr.com/news/rivian-q3-2026-deliveries/,
Lucid,2025Q3,4078,https://electrek.co/2026/10/05/lucid-lcid-q3-2026-deliveries-production/,
Lucid,2025Q4,5345,https://insideevs.com/news/783459/lucid-motors-production-deliveries-2025/,
Lucid,2026Q1,3093,https://www.sec.gov/Archives/edgar/data/1811210/000162828026023714/q1fy26ex991-productionandd.htm,
Lucid,2026Q2,3953,https://www.sec.gov/Archives/edgar/data/1811210/000162828026046718/q2fy26ex991-productionandd.htm,
Lucid,2026Q3,3806,https://ir.lucidmotors.com/news-releases/news-release-details/lucid-announces-q3-production-and-deliveries-sets-date-third,
Hyundai Motor Group,2025Q3,1823490,https://www.hyundai.com/worldwide/en/newsroom/detail/hyundai-motor-announces-2025-q3-business-results-0000001042,現代＋起亞批發
Hyundai Motor Group,2025Q4,1796243,https://www.hyundai.com/worldwide/en/newsroom/detail/0000001116,現代＋起亞批發
Hyundai Motor Group,2026Q1,1755960,https://www.hyundai.com/worldwide/en/newsroom/detail/hyundai-motor-announces-2026-q1-business-results-0000001162,現代＋起亞批發
Hyundai Motor Group,2026Q2,1843524,https://www.hyundai.com/worldwide/en/newsroom/detail/0000001234,現代＋起亞批發
Honda,2025Q3,677000,https://global.honda/en/investors/library/financialresult/main/08/teaserItems3/016/linkList/00/link/FYE202603_2Q_financial_presentation_e.pdf,合併銷量（不含中國合資）
Honda,2025Q4,645000,https://global.honda/en/investors/library/financialresult/main/08/teaserItems3/017/linkList/00/link/FYE202603_3Q_financial_presentation_e_1.pdf,合併銷量
Honda,2026Q1,704000,https://global.honda/en/investors/library/financialresult/main/08/teaserItems3/018/linkList/03/link/FYE202603_4Q_financial_presentation_e_3.pdf,合併銷量
Honda,2026Q2,708000,https://global.honda/en/investors/library/financialresult/main/010/teaserItems3/015/linkList/00/link/FYE202703_1Q_financial_presentation_e_1.pdf,合併銷量
Nissan,2025Q3,594000,https://www.nissan-global.com/EN/IR/FINANCIAL_RESULTS/ASSETS/DATA/2025/20252nd_summary_821_e.pdf,合併批發（不含東風日產）
Nissan,2025Q4,592000,https://www2.nissan-global.com/EN/IR/FINANCIAL_RESULTS/ASSETS/DATA/2025/20253rd_summary_449_e.pdf,合併批發
Nissan,2026Q1,670000,https://finance-frontend-pc-dist.west.edge.storage-yahoo.jp/disclosure/20260513/20260512526663.pdf,合併批發
Nissan,2026Q2,548000,https://finance-frontend-pc-dist.west.edge.storage-yahoo.jp/disclosure/20260803/20260803507334.pdf,合併批發
Suzuki,2025Q3,769000,https://www.globalsuzuki.com/ir/library/financialresults/pdf/2025/financial_presentation_2q_s.pdf,全球汽車銷量（含 Maruti）
Suzuki,2025Q4,895000,https://www.globalsuzuki.com/ir/library/financialresults/pdf/2025/financial_presentation_3q_s.pdf,
Suzuki,2026Q1,902000,https://www.globalsuzuki.com/ir/library/financialresults/pdf/2025/financial_presentation_s.pdf,
Suzuki,2026Q2,897000,https://www.globalsuzuki.com/ir/library/financialresults/pdf/2026/financial_presentation_1q_s.pdf,
