company,year,units,metric,source_url,note
BYD,2025,4602436,新能源乘用＋商用,https://cnevpost.com/2026/01/01/byd-nev-sales-dec-2025/,
吉利汽車,2025,3024567,集團銷量（吉利、領克、極氪）,https://www.geelyauto.com.hk/wp-content/uploads/2026/01/Geely_2025_Dec-sales_EN_V3.pdf,不含 Volvo、Polestar（吉利控股母集團約 411 萬）
上汽集團,2025,4507000,批發銷量（含合資）,https://www.gzw.sh.gov.cn/shgzw_zxzx_gqdt/20260106/cbf8685a9dc0475480c55228cf715527.html,含上汽大眾、上汽通用、上汽通用五菱；自主品牌約 293 萬
長安汽車,2025,2913042,集團銷量（含合資）,https://www.marklines.com/en/news/338168,含長安福特、長安馬自達
奇瑞汽車,2025,2806393,奇瑞集團銷量,https://autonews.gasgoo.com/articles/news/gasgoo-daily-chery-group-sells-over-28-million-vehicles-in-2025-2007745520300986369,上市公司奇瑞汽車本身約 263 萬
長城汽車,2025,1323672,全球銷量,https://autonews.gasgoo.com/articles/news/great-wall-motor-posts-record-full-year-sales-in-2025-despite-dec-slowdown-2007721483185168384,
廣汽集團,2025,1721500,批發銷量（含合資）,https://m.sohu.com/a/1002346691_355158,含廣汽豐田、廣汽本田
理想,2025,406343,交車量,https://cnevpost.com/2026/01/01/li-auto-delivers-44246-cars-dec-2025/,
蔚來,2025,326028,交車量（含樂道、螢火蟲）,https://cnevpost.com/2026/01/01/nio-deliveries-dec-2025/,
小鵬,2025,429445,交車量,https://cnevpost.com/2026/01/01/xpeng-deliveries-dec-2025/,
零跑,2025,596555,交車量,https://cnevpost.com/2026/01/01/leapmotor-delivers-60423-cars-dec-2025/,
小米,2025,411082,電動車交車量,https://ir.mi.com/system/files-encrypted/nasdaq_kms/assets/2026/03/24/6-20-53/Xiaomi%20Corp_25Q4_ER_ENG%20vF.pdf,市值含手機等全部業務
Volkswagen Group,2025,8983900,全球交車（含中國合資）,https://www.volkswagen-group.com/en/press-releases/volkswagen-group-deliveries-remain-stable-in-2025-20095,
Stellantis,2025,5484000,合併出貨量,https://www.stellantis.com/en/news/press-releases/2026/february/full-year-2025-results,含合資約 557 萬
BMW Group,2025,2463715,全球交車（汽車）,https://www.press.bmwgroup.com/global/article/detail/T0454859EN/bmw-group-vehicle-sales-grew-in-2025-%E2%80%93-strong-performance-particularly-in-europe-and-the-us-and-with-electrified-models?language=en,不含機車
Mercedes-Benz Group,2025,2159900,全球銷量（轎車＋商旅車）,https://media.mercedes-benz.com/article/dbf69c97-708c-4191-acbc-b942d6e9ed95,轎車 180 萬、Vans 36 萬
Renault Group,2025,2336807,全球銷量,https://media.renaultgroup.com/renault-group-and-its-brands-achieve-a-third-consecutive-year-of-growth-driven-by-international-sales-and-electrification/?lang=eng,
Volvo Cars,2025,710042,全球零售,https://www.volvocars.com/intl/media/corporate/sales-volumes/,
GM,2025,3799000,全球批發（含中國合資）,https://investor.gm.com/static-files/36170429-ef23-4ad5-97dd-6a523c3f8deb,GM 不再公布全球零售；美國銷量 285 萬
Ford,2025,4395000,全球批發（含合資）,https://s205.q4cdn.com/882619693/files/doc_financials/2025/q4/Ford-Q4-2025-Earnings-Press-Release.pdf,
Tesla,2025,1636129,全球交車,https://ir.tesla.com/press-release/tesla-fourth-quarter-2025-production-deliveries-deployments,
Rivian,2025,42247,全球交車,https://www.sec.gov/Archives/edgar/data/1874178/000187417826000002/ex-9914q25deliveryproducti.htm,
Lucid,2025,15841,全球交車,https://ir.lucidmotors.com/news-releases/news-release-details/lucid-announces-q4-production-deliveries-sets-date-fourth-1,
Toyota,2025,11322575,全球銷量（含大發、日野）,https://www.drive.com.au/news/toyota-breaks-global-sales-record-tops-2025-charts-for-sixth-year-running/,
Honda,2025,3460000,集團汽車銷量（由季報推算）,https://global.honda/en/investors/library/financialresult/main/08/teaserItems3/017/linkList/00/link/FYE202603_3Q_financial_presentation_e_1.pdf,本田未公布曆年合計，由季報加總
Nissan,2025,3202137,全球銷量,https://global.nissannews.com/en/releases/nissan-production-sales-exports-dec-2025,
Suzuki,2025,3295013,全球銷量,https://www.globalsuzuki.com/globalnews/2026/0129.html,印度佔 184 萬
Hyundai Motor Group,2025,7274192,現代＋起亞全球批發,https://www.hyundai.com/worldwide/en/newsroom/detail/0000001116,現代 413.8 萬＋起亞 313.6 萬
